"program","time(s)","baseflags"
"qrduino",0.3950714285714286,"-O3"
"qrduino",0.3950595238095238,"-O3"
"qrduino",0.3950714285714286,"-O3"
