"program","time(s)","baseflags"
"st",0.6306785714285714,"-O3"
"st",0.6306071428571428,"-O3"
"st",0.6306190476190476,"-O3"
