"program","time(s)","baseflags"
"whetstone",0.41520238095238093,"-O2"
"whetstone",0.41520238095238093,"-O2"
"whetstone",0.41514285714285715,"-O2"
