"program","time(s)","baseflags"
"jfdctint",0.35986904761904764,"-O1"
"jfdctint",0.3599047619047619,"-O1"
"jfdctint",0.3598928571428571,"-O1"
