"program","time(s)","baseflags"
"crc32",0.7194047619047619,"-O3"
"crc32",0.7194285714285714,"-O3"
"crc32",0.7194047619047619,"-O3"
