"program","time(s)","baseflags"
"edn",0.41941666666666666,"-O1"
"edn",0.41941666666666666,"-O1"
"edn",0.4193928571428571,"-O1"
