"program","time(s)","baseflags"
"edn",0.3961071428571429,"-O2"
"edn",0.3961190476190476,"-O2"
"edn",0.3961547619047619,"-O2"
