"program","time(s)","baseflags"
"edn",0.3816547619047619,"-O3"
"edn",0.3816547619047619,"-O3"
"edn",0.3816547619047619,"-O3"
