"program","time(s)","baseflags"
"slre",0.49588095238095237,"-O3"
"slre",0.49588095238095237,"-O3"
"slre",0.4959047619047619,"-O3"
