"program","time(s)","baseflags"
"qurt",0.5003452380952381,"-O2"
"qurt",0.5003690476190477,"-O2"
"qurt",0.5003690476190477,"-O2"
