"program","time(s)","baseflags"
"qurt",0.4980952380952381,"-O3"
"qurt",0.49811904761904763,"-O3"
"qurt",0.4980476190476191,"-O3"
