"program","time(s)","baseflags"
"nettle-md5",0.48914285714285716,"-O3"
"nettle-md5",0.4891666666666667,"-O3"
"nettle-md5",0.4891666666666667,"-O3"
