"program","time(s)","baseflags"
"frac",0.4455952380952381,"-O3"
"frac",0.4456309523809524,"-O3"
"frac",0.4455952380952381,"-O3"
