"program","time(s)","baseflags"
"cnt",0.3693571428571429,"-O3"
"cnt",0.3693452380952381,"-O3"
"cnt",0.3693571428571429,"-O3"
