"program","time(s)","baseflags"
"statemate",0.43701190476190477,"-O2"
"statemate",0.43707142857142856,"-O2"
"statemate",0.43707142857142856,"-O2"
