"program","time(s)","baseflags"
"strstr",0.4013809523809524,"-O3"
"strstr",0.4013452380952381,"-O3"
"strstr",0.40139285714285716,"-O3"
