"program","time(s)","baseflags"
"cover",0.5941190476190477,"-O3"
"cover",0.5941666666666666,"-O3"
"cover",0.5941547619047619,"-O3"
