"program","time(s)","baseflags"
"dijkstra",0.4643690476190476,"-O3"
"dijkstra",0.46435714285714286,"-O3"
"dijkstra",0.4643452380952381,"-O3"
