"program","time(s)","baseflags"
"edn",0.3913452380952381,"-O3"
"edn",0.3913333333333333,"-O3"
"edn",0.3913214285714286,"-O3"
