"program","time(s)","baseflags"
"ndes",0.5750357142857143,"-O3"
"ndes",0.5749761904761905,"-O3"
"ndes",0.5750238095238095,"-O3"
