"program","time(s)","baseflags"
"ludcmp",0.4891904761904762,"-O3"
"ludcmp",0.4892261904761905,"-O3"
"ludcmp",0.4892142857142857,"-O3"
