"program","time(s)","baseflags"
"2dfir",0.36183333333333334,"-O1"
"2dfir",0.36182142857142857,"-O1"
"2dfir",0.36179761904761903,"-O1"
