"program","time(s)","baseflags"
"2dfir",0.35995238095238097,"-O2"
"2dfir",0.35992857142857143,"-O2"
"2dfir",0.3599404761904762,"-O2"
