"program","time(s)","baseflags"
"2dfir",0.3232261904761905,"-O3"
"2dfir",0.32316666666666666,"-O3"
"2dfir",0.32321428571428573,"-O3"
