"program","time(s)","baseflags"
"qsort",0.2818452380952381,"-O3"
"qsort",0.2818452380952381,"-O3"
"qsort",0.28185714285714286,"-O3"
