"program","time(s)","baseflags"
"select",0.3223095238095238,"-O2"
"select",0.3223214285714286,"-O2"
"select",0.3222738095238095,"-O2"
