"program","time(s)","baseflags"
"select",0.3176785714285714,"-O3"
"select",0.3177261904761905,"-O3"
"select",0.3176904761904762,"-O3"
