"program","time(s)","baseflags"
"ludcmp",0.5300357142857143,"-O1"
"ludcmp",0.5300476190476191,"-O1"
"ludcmp",0.5300238095238096,"-O1"
