"program","time(s)","baseflags"
"ludcmp",0.5311190476190476,"-O2"
"ludcmp",0.5311309523809524,"-O2"
"ludcmp",0.5311190476190476,"-O2"
