"program","time(s)","baseflags"
"aha-mont64",0.6202619047619048,"-O3"
"aha-mont64",0.6202738095238095,"-O3"
"aha-mont64",0.6202619047619048,"-O3"
