"program","time(s)","baseflags"
"minver",0.46208333333333335,"-O3"
"minver",0.4620952380952381,"-O3"
"minver",0.46208333333333335,"-O3"
