"program","time(s)","baseflags"
"expint",0.45289285714285715,"-O3"
"expint",0.4528809523809524,"-O3"
"expint",0.45289285714285715,"-O3"
