"program","time(s)","baseflags"
"tarai",0.31597619047619047,"-O1"
"tarai",0.31597619047619047,"-O1"
"tarai",0.31598809523809523,"-O1"
