"program","time(s)","baseflags"
"tarai",0.33132142857142854,"-O2"
"tarai",0.3312857142857143,"-O2"
"tarai",0.3312857142857143,"-O2"
