"program","time(s)","baseflags"
"nbody",0.38247619047619047,"-O3"
"nbody",0.38248809523809524,"-O3"
"nbody",0.38252380952380954,"-O3"
