"program","time(s)","baseflags"
"dijkstra",0.4641190476190476,"-O3"
"dijkstra",0.46414285714285713,"-O3"
"dijkstra",0.46416666666666667,"-O3"
