"program","time(s)","baseflags"
"frac",0.4659285714285714,"-O1"
"frac",0.4659404761904762,"-O1"
"frac",0.4659285714285714,"-O1"
