"program","time(s)","baseflags"
"frac",0.44557142857142856,"-O3"
"frac",0.445547619047619,"-O3"
"frac",0.44558333333333333,"-O3"
