"program","time(s)","baseflags"
"nettle-md5",0.4961785714285714,"-O1"
"nettle-md5",0.49616666666666664,"-O1"
"nettle-md5",0.49614285714285716,"-O1"
