"program","time(s)","baseflags"
"nettle-md5",0.48904761904761906,"-O2"
"nettle-md5",0.4890357142857143,"-O2"
"nettle-md5",0.4889880952380952,"-O2"
