"program","time(s)","baseflags"
"nettle-md5",0.48897619047619045,"-O3"
"nettle-md5",0.4890238095238095,"-O3"
"nettle-md5",0.48901190476190476,"-O3"
