"program","time(s)","baseflags"
"prime",0.4461785714285714,"-O3"
"prime",0.44616666666666666,"-O3"
"prime",0.4461904761904762,"-O3"
