"program","time(s)","baseflags"
"aha-mont64",0.6204285714285714,"-O3"
"aha-mont64",0.6204404761904762,"-O3"
"aha-mont64",0.6204047619047619,"-O3"
