"program","time(s)","baseflags"
"strstr",0.5911904761904762,"-O1"
"strstr",0.5911547619047619,"-O1"
"strstr",0.5911428571428572,"-O1"
