"program","time(s)","baseflags"
"strstr",0.580952380952381,"-O2"
"strstr",0.5809642857142857,"-O2"
"strstr",0.5809404761904762,"-O2"
