"program","time(s)","baseflags"
"strstr",0.40126190476190476,"-O3"
"strstr",0.4012142857142857,"-O3"
"strstr",0.4012380952380952,"-O3"
