"program","time(s)","baseflags"
"slre",0.6672738095238095,"-O1"
"slre",0.6672738095238095,"-O1"
"slre",0.667345238095238,"-O1"
