"program","time(s)","baseflags"
"slre",0.5565952380952381,"-O2"
"slre",0.5566071428571429,"-O2"
"slre",0.5565952380952381,"-O2"
