"program","time(s)","baseflags"
"slre",0.49564285714285716,"-O3"
"slre",0.49564285714285716,"-O3"
"slre",0.4956190476190476,"-O3"
