"program","time(s)","baseflags"
"duff",0.5043571428571428,"-O1"
"duff",0.5043214285714286,"-O1"
"duff",0.5043690476190477,"-O1"
