"program","time(s)","baseflags"
"duff",0.5778690476190477,"-O2"
"duff",0.5778452380952381,"-O2"
"duff",0.5778571428571428,"-O2"
