"program","time(s)","baseflags"
"duff",0.5814166666666667,"-O3"
"duff",0.5813809523809523,"-O3"
"duff",0.5814047619047619,"-O3"
