"program","time(s)","baseflags"
"select",0.31776190476190475,"-O3"
"select",0.31776190476190475,"-O3"
"select",0.31776190476190475,"-O3"
