"program","time(s)","baseflags"
"2dfir",0.3233333333333333,"-O3"
"2dfir",0.32329761904761906,"-O3"
"2dfir",0.3233452380952381,"-O3"
