"program","time(s)","baseflags"
"qsort",0.28485714285714286,"-O1"
"qsort",0.2848452380952381,"-O1"
"qsort",0.2848452380952381,"-O1"
