"program","time(s)","baseflags"
"qsort",0.2820595238095238,"-O2"
"qsort",0.2820357142857143,"-O2"
"qsort",0.2820357142857143,"-O2"
