"program","time(s)","baseflags"
"adpcm",0.44961904761904764,"-O1"
"adpcm",0.44960714285714287,"-O1"
"adpcm",0.44961904761904764,"-O1"
