"program","time(s)","baseflags"
"adpcm",0.44752380952380955,"-O2"
"adpcm",0.44757142857142856,"-O2"
"adpcm",0.44753571428571426,"-O2"
