"program","time(s)","baseflags"
"adpcm",0.44970238095238096,"-O3"
"adpcm",0.4497261904761905,"-O3"
"adpcm",0.44971428571428573,"-O3"
