"program","time(s)","baseflags"
"cover",0.6086666666666667,"-O1"
"cover",0.6085833333333334,"-O1"
"cover",0.6085952380952381,"-O1"
