"program","time(s)","baseflags"
"cover",0.5951428571428572,"-O2"
"cover",0.5951071428571428,"-O2"
"cover",0.5951071428571428,"-O2"
