"program","time(s)","baseflags"
"cover",0.5938333333333333,"-O3"
"cover",0.5938452380952381,"-O3"
"cover",0.5938333333333333,"-O3"
