"program","time(s)","baseflags"
"nsichneu",0.41628571428571426,"-O3"
"nsichneu",0.4163095238095238,"-O3"
"nsichneu",0.41628571428571426,"-O3"
