"program","time(s)","baseflags"
"fac",0.2057857142857143,"-O3"
"fac",0.20576190476190476,"-O3"
"fac",0.2057857142857143,"-O3"
