"program","time(s)","baseflags"
"dtoa",0.5986904761904762,"-O3"
"dtoa",0.5987142857142858,"-O3"
"dtoa",0.5986547619047619,"-O3"
