"program","time(s)","baseflags"
"minver",0.5282380952380953,"-O1"
"minver",0.5282261904761905,"-O1"
"minver",0.5282142857142857,"-O1"
