"program","time(s)","baseflags"
"minver",0.5200714285714285,"-O2"
"minver",0.5200357142857143,"-O2"
"minver",0.5200595238095238,"-O2"
