"program","time(s)","baseflags"
"minver",0.46190476190476193,"-O3"
"minver",0.46190476190476193,"-O3"
"minver",0.4618690476190476,"-O3"
