"program","time(s)","baseflags"
"frac",0.4456428571428571,"-O3"
"frac",0.4456785714285714,"-O3"
"frac",0.4455952380952381,"-O3"
