"program","time(s)","baseflags"
"fasta",0.509452380952381,"-O3"
"fasta",0.5093690476190477,"-O3"
"fasta",0.5094880952380952,"-O3"
