"program","time(s)","baseflags"
"sqrt",0.3254166666666667,"-O3"
"sqrt",0.32542857142857146,"-O3"
"sqrt",0.32544047619047617,"-O3"
