"program","time(s)","baseflags"
"duff",0.5816309523809524,"-O3"
"duff",0.5816785714285714,"-O3"
"duff",0.5816904761904762,"-O3"
