"program","time(s)","baseflags"
"fdct",0.4906309523809524,"-O1"
"fdct",0.4905833333333333,"-O1"
"fdct",0.49064285714285716,"-O1"
