"program","time(s)","baseflags"
"fdct",0.5587619047619048,"-O2"
"fdct",0.5587261904761904,"-O2"
"fdct",0.558797619047619,"-O2"
