"program","time(s)","baseflags"
"fdct",0.5607619047619048,"-O3"
"fdct",0.5607857142857143,"-O3"
"fdct",0.5608333333333333,"-O3"
