"program","time(s)","baseflags"
"fasta",9.93177380952381,"-O1"
"fasta",9.931607142857143,"-O1"
"fasta",9.93179761904762,"-O1"
