"program","time(s)","baseflags"
"fasta",0.5022023809523809,"-O2"
"fasta",0.5022380952380953,"-O2"
"fasta",0.5022619047619048,"-O2"
