"program","time(s)","baseflags"
"fasta",0.5092380952380953,"-O3"
"fasta",0.5092142857142857,"-O3"
"fasta",0.5092142857142857,"-O3"
