"program","time(s)","baseflags"
"nettle-cast128",0.4399642857142857,"-O1"
"nettle-cast128",0.44001190476190477,"-O1"
"nettle-cast128",0.43998809523809523,"-O1"
