"program","time(s)","baseflags"
"nettle-cast128",0.42645238095238097,"-O2"
"nettle-cast128",0.4264404761904762,"-O2"
"nettle-cast128",0.42645238095238097,"-O2"
