"program","time(s)","baseflags"
"prime",0.44616666666666666,"-O3"
"prime",0.44620238095238096,"-O3"
"prime",0.44626190476190475,"-O3"
