"program","time(s)","baseflags"
"mergesort",0.24385714285714286,"-O3"
"mergesort",0.24385714285714286,"-O3"
"mergesort",0.24386904761904762,"-O3"
