"program","time(s)","baseflags"
"prime",0.41877380952380955,"-O1"
"prime",0.41878571428571426,"-O1"
"prime",0.41877380952380955,"-O1"
