"program","time(s)","baseflags"
"prime",0.44616666666666666,"-O3"
"prime",0.4461547619047619,"-O3"
"prime",0.44611904761904764,"-O3"
