"program","time(s)","baseflags"
"crc32",0.7194404761904762,"-O1"
"crc32",0.7193928571428572,"-O1"
"crc32",0.719452380952381,"-O1"
