"program","time(s)","baseflags"
"crc32",0.7194047619047619,"-O2"
"crc32",0.7193928571428572,"-O2"
"crc32",0.7194047619047619,"-O2"
