"program","time(s)","baseflags"
"crc32",0.6373809523809524,"-O3"
"crc32",0.6374166666666666,"-O3"
"crc32",0.6374285714285715,"-O3"
