"program","time(s)","baseflags"
"duff",0.5816190476190476,"-O3"
"duff",0.5817142857142857,"-O3"
"duff",0.5816904761904762,"-O3"
