"program","time(s)","baseflags"
"ud",0.35520238095238094,"-O3"
"ud",0.3551666666666667,"-O3"
"ud",0.35520238095238094,"-O3"
