"program","time(s)","baseflags"
"qrduino",0.41783333333333333,"-O1"
"qrduino",0.4179047619047619,"-O1"
"qrduino",0.4178928571428571,"-O1"
