"program","time(s)","baseflags"
"qrduino",0.3985238095238095,"-O2"
"qrduino",0.3985119047619048,"-O2"
"qrduino",0.3985119047619048,"-O2"
