"program","time(s)","baseflags"
"qrduino",0.3949404761904762,"-O3"
"qrduino",0.3949642857142857,"-O3"
"qrduino",0.39495238095238094,"-O3"
