"program","time(s)","baseflags"
"rijndael",0.2411547619047619,"-O3"
"rijndael",0.24117857142857144,"-O3"
"rijndael",0.2411547619047619,"-O3"
