"program","time(s)","baseflags"
"nbody",1.614845238095238,"-O1"
"nbody",1.6148809523809524,"-O1"
"nbody",1.6148690476190477,"-O1"
