"program","time(s)","baseflags"
"nbody",1.467845238095238,"-O2"
"nbody",1.4678214285714286,"-O2"
"nbody",1.4679166666666668,"-O2"
