"program","time(s)","baseflags"
"nbody",0.3822738095238095,"-O3"
"nbody",0.38226190476190475,"-O3"
"nbody",0.3822738095238095,"-O3"
