"program","time(s)","baseflags"
"fac",0.5875714285714285,"-O1"
"fac",0.5876071428571429,"-O1"
"fac",0.5876190476190476,"-O1"
