"program","time(s)","baseflags"
"fac",0.2057142857142857,"-O3"
"fac",0.2057142857142857,"-O3"
"fac",0.20572619047619048,"-O3"
