"program","time(s)","baseflags"
"strstr",0.4013690476190476,"-O3"
"strstr",0.40135714285714286,"-O3"
"strstr",0.4013690476190476,"-O3"
