"program","time(s)","baseflags"
"sqrt",0.32552380952380955,"-O3"
"sqrt",0.32553571428571426,"-O3"
"sqrt",0.3255119047619048,"-O3"
