"program","time(s)","baseflags"
"tarai",0.2675952380952381,"-O3"
"tarai",0.2675952380952381,"-O3"
"tarai",0.2675952380952381,"-O3"
