"program","time(s)","baseflags"
"qurt",0.4980833333333333,"-O3"
"qurt",0.49810714285714286,"-O3"
"qurt",0.4980952380952381,"-O3"
