"program","time(s)","baseflags"
"qrduino",0.39504761904761904,"-O3"
"qrduino",0.3951190476190476,"-O3"
"qrduino",0.3950714285714286,"-O3"
