"program","time(s)","baseflags"
"mergesort",0.24378571428571427,"-O3"
"mergesort",0.24383333333333335,"-O3"
"mergesort",0.24382142857142858,"-O3"
