"program","time(s)","baseflags"
"dtoa",0.5986666666666667,"-O3"
"dtoa",0.5985952380952381,"-O3"
"dtoa",0.5986190476190476,"-O3"
