"program","time(s)","baseflags"
"st",0.6306190476190476,"-O3"
"st",0.6305952380952381,"-O3"
"st",0.630547619047619,"-O3"
