"program","time(s)","baseflags"
"crc32",0.7194166666666667,"-O3"
"crc32",0.7193690476190476,"-O3"
"crc32",0.7193214285714286,"-O3"
