"program","time(s)","baseflags"
"expint",0.4601904761904762,"-O2"
"expint",0.4602142857142857,"-O2"
"expint",0.4602142857142857,"-O2"
