"program","time(s)","baseflags"
"expint",0.4528452380952381,"-O3"
"expint",0.4527738095238095,"-O3"
"expint",0.4528214285714286,"-O3"
