"program","time(s)","baseflags"
"dtoa",0.6269047619047619,"-O1"
"dtoa",0.6268809523809524,"-O1"
"dtoa",0.6268571428571429,"-O1"
