"program","time(s)","baseflags"
"dtoa",0.6073571428571428,"-O2"
"dtoa",0.6073571428571428,"-O2"
"dtoa",0.6074166666666667,"-O2"
