"program","time(s)","baseflags"
"dtoa",0.5984285714285714,"-O3"
"dtoa",0.5984285714285714,"-O3"
"dtoa",0.5984285714285714,"-O3"
