"program","time(s)","baseflags"
"adpcm",0.4498333333333333,"-O3"
"adpcm",0.4498452380952381,"-O3"
"adpcm",0.4498214285714286,"-O3"
