"program","time(s)","baseflags"
"minver",0.4621190476190476,"-O3"
"minver",0.46203571428571427,"-O3"
"minver",0.46204761904761904,"-O3"
