"program","time(s)","baseflags"
"fdct",0.5609642857142857,"-O3"
"fdct",0.560952380952381,"-O3"
"fdct",0.560952380952381,"-O3"
