"program","time(s)","baseflags"
"st",0.6407857142857143,"-O1"
"st",0.64075,"-O1"
"st",0.6406666666666667,"-O1"
