"program","time(s)","baseflags"
"st",0.6358571428571429,"-O2"
"st",0.6358333333333334,"-O2"
"st",0.6358809523809524,"-O2"
