"program","time(s)","baseflags"
"st",0.6303214285714286,"-O3"
"st",0.6303809523809524,"-O3"
"st",0.6303452380952381,"-O3"
