"program","time(s)","baseflags"
"cnt",0.36933333333333335,"-O3"
"cnt",0.3693571428571429,"-O3"
"cnt",0.3693690476190476,"-O3"
