"program","time(s)","baseflags"
"sqrt",0.32553571428571426,"-O3"
"sqrt",0.32554761904761903,"-O3"
"sqrt",0.32553571428571426,"-O3"
