"program","time(s)","baseflags"
"ud",0.8932857142857142,"-O1"
"ud",0.8932976190476191,"-O1"
"ud",0.8932142857142857,"-O1"
