"program","time(s)","baseflags"
"ud",0.7539404761904762,"-O2"
"ud",0.7538571428571429,"-O2"
"ud",0.7538095238095238,"-O2"
