"program","time(s)","baseflags"
"qurt",0.49814285714285716,"-O3"
"qurt",0.49811904761904763,"-O3"
"qurt",0.4981309523809524,"-O3"
