"program","time(s)","baseflags"
"expint",0.45295238095238094,"-O3"
"expint",0.4529761904761905,"-O3"
"expint",0.4529761904761905,"-O3"
