"program","time(s)","baseflags"
"edn",0.3913452380952381,"-O3"
"edn",0.3913690476190476,"-O3"
"edn",0.3913452380952381,"-O3"
