"program","time(s)","baseflags"
"nettle-cast128",0.4643809523809524,"-O3"
"nettle-cast128",0.4643690476190476,"-O3"
"nettle-cast128",0.4644285714285714,"-O3"
