"program","time(s)","baseflags"
"adpcm",0.4498333333333333,"-O3"
"adpcm",0.44979761904761906,"-O3"
"adpcm",0.4498333333333333,"-O3"
