"program","time(s)","baseflags"
"qsort",0.28186904761904763,"-O3"
"qsort",0.2818809523809524,"-O3"
"qsort",0.2819047619047619,"-O3"
