"program","time(s)","baseflags"
"nsichneu",0.40026190476190476,"-O1"
"nsichneu",0.40029761904761907,"-O1"
"nsichneu",0.4003095238095238,"-O1"
