"program","time(s)","baseflags"
"nsichneu",0.41622619047619047,"-O2"
"nsichneu",0.4162142857142857,"-O2"
"nsichneu",0.41622619047619047,"-O2"
