"program","time(s)","baseflags"
"nsichneu",0.4162142857142857,"-O3"
"nsichneu",0.41620238095238093,"-O3"
"nsichneu",0.41619047619047617,"-O3"
