"program","time(s)","baseflags"
"ud",0.35514285714285715,"-O3"
"ud",0.35519047619047617,"-O3"
"ud",0.3551547619047619,"-O3"
