"program","time(s)","baseflags"
"ndes",0.9863452380952381,"-O1"
"ndes",0.9863214285714286,"-O1"
"ndes",0.9863452380952381,"-O1"
