"program","time(s)","baseflags"
"ndes",0.581297619047619,"-O2"
"ndes",0.5812738095238095,"-O2"
"ndes",0.5812738095238095,"-O2"
