"program","time(s)","baseflags"
"ndes",0.5746309523809524,"-O3"
"ndes",0.5746309523809524,"-O3"
"ndes",0.5747023809523809,"-O3"
