"program","time(s)","baseflags"
"nbody",0.3824642857142857,"-O3"
"nbody",0.38247619047619047,"-O3"
"nbody",0.3825357142857143,"-O3"
