"program","time(s)","baseflags"
"nettle-md5",0.4891547619047619,"-O3"
"nettle-md5",0.4891190476190476,"-O3"
"nettle-md5",0.48914285714285716,"-O3"
