"program","time(s)","baseflags"
"cnt",0.5528809523809524,"-O1"
"cnt",0.5528809523809524,"-O1"
"cnt",0.5529285714285714,"-O1"
