"program","time(s)","baseflags"
"cnt",0.4033809523809524,"-O2"
"cnt",0.4033452380952381,"-O2"
"cnt",0.4034047619047619,"-O2"
