"program","time(s)","baseflags"
"cnt",0.36916666666666664,"-O3"
"cnt",0.36916666666666664,"-O3"
"cnt",0.36916666666666664,"-O3"
