"program","time(s)","baseflags"
"aha-mont64",0.6203690476190477,"-O3"
"aha-mont64",0.6203809523809524,"-O3"
"aha-mont64",0.6204166666666666,"-O3"
