"program","time(s)","baseflags"
"slre",0.49597619047619046,"-O3"
"slre",0.4959642857142857,"-O3"
"slre",0.49589285714285714,"-O3"
