"program","time(s)","baseflags"
"tarai",0.26758333333333334,"-O3"
"tarai",0.26757142857142857,"-O3"
"tarai",0.26758333333333334,"-O3"
